Date,TMax,TMin
19740101,280,220
19740102,280,210
19740103,280,220
19740112,280,9999
19740113,280,220
19740115,280,220
19740117,280,210
19740118,280,200
19740122,280,230
19740123,280,230
19740125,270,230
19740126,270,9999
19740127,270,220
19740128,270,220
19740129,280,200
19740131,9999,210
19740201,290,190
19740203,280,240
19740204,280,210
19740205,280,210
19740206,280,220
19740207,280,230
19740208,280,220
19740209,280,220
19740210,280,220
19740211,280,210
19740212,280,190
19740213,300,190
19740214,290,9999
19740215,280,230
19740216,280,200
19740217,280,200
19740218,300,210
19740219,300,200
19740220,9999,200
19740221,280,230
19740222,280,230
19740223,280,9999
19740224,280,220
19740225,280,220
19740226,270,210
19740227,9999,210
19740228,280,220
19740301,280,210
19740302,280,220
19740303,280,210
19740304,270,210
19740305,270,210
19740306,280,210
19740307,280,200
19740308,270,200
19740309,280,210
19740310,280,210
19740311,280,9999
19740312,280,190
19740313,290,190
19740314,290,200
19740315,290,200
19740316,290,220
19740317,280,210
19740318,280,210
19740319,290,200
19740320,290,200
19740321,280,210
19740322,290,210
19740323,290,180
19740324,280,210
19740325,280,220
19740326,280,210
19740327,280,200
19740328,280,210
19740329,9999,210
19740330,280,200
19740331,280,220
19740401,280,220
19740402,280,210
19740403,9999,210
19740404,280,220
19740405,280,220
19740406,280,220
19740407,280,210
19740408,280,210
19740410,280,210
19740411,280,230
19740412,280,220
19740413,280,220
19740414,270,210
19740415,270,210
19740416,280,220
19740417,280,220
19740418,280,220
19740419,290,230
19740420,290,220
19740421,290,190
19740422,290,190
19740423,290,230
19740424,290,230
19740425,290,230
19740426,290,230
19740427,290,9999
19740428,300,200
19740429,300,200
19740430,300,200
19740501,300,230
19740503,290,220
19740504,290,220
19740505,300,200
19740506,300,200
19740507,300,210
19740508,300,240
19740509,300,240
19740510,300,230
19740511,300,220
19740512,290,220
19740513,290,230
19740514,290,230
19740515,290,230
19740516,290,230
19740517,290,230
19740518,290,230
19740519,300,230
19740520,300,9999
19740522,290,230
19740523,300,220
19740525,290,250
19740527,290,210
19740528,290,240
19740531,290,240
19740601,300,250
19740603,290,230
19740606,290,230
19740607,290,230
19740608,290,240
19740609,300,240
19740610,290,240
19740611,300,240
19740612,300,240
19740613,300,240
19740614,300,210
19740615,300,210
19740616,300,210
19740617,300,230
19740618,300,240
19740619,300,240
19740620,300,230
19740621,310,230
19740622,310,240
19740623,310,240
19740624,300,240
19740625,300,250
19740626,300,240
19740629,9999,250
19740701,300,250
19740702,300,240
19740707,300,240
19740712,300,220
19740713,300,9999
19740714,300,240
19740715,300,240
19740716,300,230
19740717,300,220
19740718,290,220
19740719,300,240
19740720,310,240
19740721,310,230
19740722,300,230
19740723,300,230
19740724,310,250
19740725,310,250
19740726,300,9999
19740727,300,240
19740728,310,240
19740729,310,240
19740730,310,250
19740731,300,250
19740801,300,220
19740802,300,220
19740803,310,230
19740804,310,250
19740805,300,240
19740806,300,240
19740807,300,250
19740808,310,240
19740809,300,240
19740810,300,250
19740812,310,250
19740813,320,250
19740815,310,240
19740816,310,240
19740817,310,260
19740818,310,240
19740819,310,240
19740820,300,240
19740821,300,240
19740822,310,230
19740823,310,230
19740824,310,240
19740825,310,250
19740826,310,230
19740827,300,230
19740828,300,230
19740829,310,210
19740830,9999,210
19740831,310,210
19740901,320,230
19740902,320,220
19740903,320,220
19740905,300,230
19740910,310,9999
19740911,310,240
19740912,310,230
19740913,310,230
19740914,300,220
19740915,300,220
19740916,310,230
19740917,290,230
19740918,310,220
19740919,310,220
19740920,300,230
19740921,300,230
19740922,300,230
19740923,310,220
19740924,310,220
19740925,310,220
19740926,300,230
19740927,300,230
19740928,290,220
19740929,9999,220
19740930,300,230
19741001,300,220
19741002,300,220
19741003,300,220
19741004,280,9999
19741005,9999,230
19741006,310,220
19741007,310,210
19741008,300,200
19741009,310,200
19741010,310,200
19741011,310,200
19741012,310,210
19741013,310,230
19741014,300,230
19741015,300,240
19741016,300,240
19741017,300,230
19741018,300,220
19741019,300,220
19741020,300,220
19741021,300,230
19741022,300,240
19741023,300,220
19741024,300,200
19741025,310,200
19741026,310,230
19741027,300,230
19741028,300,230
19741029,9999,230
19741030,300,210
19741031,310,210
19741101,310,210
19741102,310,210
19741103,310,220
19741104,310,210
19741105,300,210
19741106,310,220
19741107,310,9999
19741108,300,230
19741109,320,220
19741110,320,210
19741111,310,210
19741112,310,240
19741115,300,9999
19741116,300,210
19741117,300,240
19741118,300,9999
19741119,300,220
19741120,300,250
19741121,300,9999
19741122,300,230
19741123,300,230
19741124,300,230
19741125,290,230
19741126,9999,220
19741127,290,230
19741128,290,230
19741129,300,230
19741130,300,200
19741201,290,200
19741202,290,200
19741203,290,200
19741204,290,220
19741205,290,210
19741206,290,220
19741207,290,210
19741208,290,180
19741209,290,180
19741210,290,180
19741211,290,210
19741212,290,230
19741213,290,220
19741214,280,210
19741215,290,180
19741216,290,200
19741217,9999,180
19741218,290,210
19741219,290,210
19741220,9999,220
19741221,290,230
19741222,290,230
19741223,290,9999
19741224,290,210
19741225,290,220
19741226,280,220
19741227,290,210
19741228,290,210
19741229,280,190
19741230,280,190
19741231,9999,170
19750101,290,170
19750102,280,160
19750103,280,150
19750104,280,150
19750105,280,200
19750106,270,210
19750107,280,200
19750108,280,190
19750109,280,190
19750110,280,200
19750111,280,200
19750112,280,200
19750113,270,9999
19750115,290,150
19750116,280,200
19750117,280,210
19750119,270,240
19750121,280,210
19750122,280,210
19750123,270,220
19750124,9999,220
19750125,280,220
19750126,9999,210
19750127,290,220
19750129,270,210
19750130,270,210
19750131,270,230
19750201,280,220
19750202,280,210
19750203,280,230
19750204,280,210
19750205,270,230
19750206,280,200
19750207,280,200
19750208,280,190
19750209,280,190
19750210,280,200
19750211,280,200
19750213,280,210
19750214,280,210
19750215,280,220
19750216,280,220
19750217,280,220
19750218,270,210
19750219,270,200
19750220,280,200
19750221,270,210
19750222,270,220
19750225,270,200
19750227,270,220
19750228,270,210
19750301,280,210
19750302,9999,220
19750303,290,220
19750305,280,210
19750306,280,210
19750307,280,220
19750308,290,210
19750309,290,200
19750310,290,200
19750311,280,220
19750313,280,210
19750314,280,220
19750315,270,210
19750316,270,9999
19750317,9999,200
19750318,280,200
19750319,290,190
19750320,280,200
19750321,280,190
19750326,280,220
19750327,280,220
19750328,280,220
19750329,290,210
19750330,290,210
19750331,290,210
19750401,290,240
19750402,290,200
19750403,280,180
19750404,280,180
19750405,290,190
19750406,290,180
19750407,290,180
19750408,290,190
19750409,290,220
19750410,290,9999
19750411,290,210
19750412,290,230
19750413,290,230
19750414,290,220
19750415,290,220
19750416,290,230
19750417,290,230
19750418,290,210
19750419,290,220
19750420,290,220
19750421,290,220
19750422,290,9999
19750423,290,220
19750424,290,240
19750425,290,220
19750426,280,220
19750427,290,190
19750428,290,190
19750429,300,230
19750430,300,230
19750501,300,200
19750502,300,170
19750503,300,170
19750504,300,220
19750505,300,220
19750506,300,230
19750507,300,230
19750508,300,230
19750509,300,230
19750510,300,230
19750511,300,230
19750512,300,230
19750513,290,240
19750514,300,210
19750515,300,9999
19750516,300,230
19750517,300,240
19750518,300,240
19750519,300,250
19750520,300,250
19750521,300,230
19750522,300,230
19750523,300,240
19750524,300,220
19750525,300,220
19750526,300,230
19750527,300,230
19750528,300,240
19750529,300,240
19750530,310,240
19750601,300,250
19750602,300,230
19750603,300,230
19750604,300,240
19750605,9999,240
19750606,310,9999
19750607,310,240
19750608,310,240
19750609,310,250
19750610,310,230
19750611,300,240
19750612,300,250
19750613,300,250
19750614,300,220
19750615,300,220
19750616,310,220
19750617,310,220
19750618,310,210
19750619,310,210
19750620,310,240
19750621,310,240
19750622,300,240
19750623,300,250
19750624,300,250
19750625,300,260
19750626,300,260
19750627,300,250
19750628,300,240
19750629,300,240
19750630,300,250
19750701,300,9999
19750702,300,9999
19750703,300,260
19750704,300,260
19750705,300,260
19750706,300,230
19750707,300,230
19750708,290,9999
19750709,310,240
19750710,310,240
19750711,310,250
19750712,310,240
19750713,310,220
19750714,310,220
19750715,310,250
19750716,310,220
19750717,310,250
19750718,310,9999
19750719,300,240
19750720,310,230
19750721,370,220
19750722,310,230
19750723,320,220
19750724,300,220
19750725,310,220
19750726,310,250
19750727,310,250
19750728,310,250
19750729,310,250
19750730,310,250
19750731,310,240
19750801,310,240
19750802,310,250
19750803,320,250
19750804,310,250
19750805,310,230
19750806,300,230
19750807,300,250
19750808,310,240
19750809,310,240
19750810,310,250
19750811,300,250
19750812,300,260
19750813,310,240
19750814,310,240
19750815,310,250
19750816,310,240
19750817,300,240
19750818,300,240
19750819,300,230
19750820,300,230
19750821,300,230
19750822,300,230
19750823,9999,230
19750824,310,220
19750825,310,220
19750826,310,220
19750827,300,220
19750828,310,250
19750829,310,240
19750830,300,230
19750831,300,230
19750902,300,230
19750903,300,220
19750904,300,220
19750905,310,230
19750906,310,230
19750907,300,250
19750908,310,250
19750909,9999,220
19750910,320,220
19750911,310,220
19750912,320,240
19750913,310,230
19750914,310,230
19750915,310,220
19750916,310,220
19750918,310,220
19750919,310,220
19750920,310,230
19750921,310,220
19750922,310,220
19750923,320,210
19750924,330,210
19750925,330,210
19750926,310,220
19750927,310,230
19750928,310,220
19750929,310,210
19750930,310,210
19751001,300,230
19751002,300,230
19751003,310,240
19751004,310,230
19751005,300,230
19751006,300,220
19751007,300,230
19751008,300,250
19751012,290,220
19751013,290,220
19751014,9999,220
19751015,300,220
19751016,300,210
19751017,310,210
19751018,300,210
19751019,300,240
19751020,300,220
19751021,300,230
19751022,290,230
19751023,300,230
19751024,300,240
19751025,290,220
19751026,290,220
19751027,300,230
19751028,300,230
19751029,300,220
19751030,310,220
19751031,310,210
19751101,310,210
19751102,300,210
19751103,300,220
19751104,300,230
19751105,290,210
19751106,290,210
19751107,290,230
19751108,290,230
19751109,290,230
19751110,290,220
19751111,290,210
19751112,290,210
19751113,290,220
19751114,290,210
19751115,300,210
19751116,300,210
19751117,300,210
19751118,290,200
19751119,9999,200
19751120,300,230
19751121,300,230
19751122,290,220
19751123,300,220
19751124,290,220
19751125,290,200
19751126,290,200
19751127,290,220
19751128,290,220
19751129,290,210
19751130,290,200
19751201,290,220
19751202,290,210
19751206,280,230
19751207,270,220
19751208,280,220
19751209,260,230
19751210,290,230
19751212,9999,230
19751213,300,9999
19751214,300,220
19751215,300,220
19751216,280,210
19751217,280,210
19751218,280,220
19751219,280,230
19751220,280,210
19751221,280,210
19751222,290,230
19751223,290,220
19751224,290,220
19751225,290,200
19751226,290,200
19751227,290,210
19751228,280,190
19751229,270,190
19751230,290,190
19751231,290,190
19760101,280,190
19760102,280,200
19760103,280,170
19760104,280,170
19760105,280,190
19760106,280,210
19760107,280,210
19760108,280,220
19760109,9999,220
19760110,280,200
19760111,280,200
19760112,270,210
19760113,280,210
19760114,280,220
19760115,280,210
19760116,280,210
19760117,280,220
19760118,280,220
19760119,270,210
19760120,9999,220
19760121,280,210
19760122,280,190
19760123,280,190
19760124,280,200
19760125,270,200
19760126,270,220
19760127,270,210
19760128,270,190
19760129,270,170
19760130,270,170
19760131,280,200
19760201,280,200
19760202,280,210
19760203,270,210
19760204,270,210
19760205,270,210
19760206,270,220
19760207,9999,160
19760208,280,160
19760209,280,160
19760210,280,160
19760211,280,170
19760212,270,200
19760213,270,220
19760214,270,210
19760215,270,210
19760216,270,190
19760217,270,190
19760218,250,210
19760219,9999,210
19760220,270,210
19760221,270,220
19760222,270,9999
19760223,270,220
19760224,270,210
19760225,280,220
19760226,280,220
19760228,270,210
19760229,260,210
19760301,260,210
19760302,270,220
19760303,270,210
19760304,270,220
19760305,270,220
19760306,270,220
19760307,270,200
19760308,270,210
19760309,270,210
19760310,270,210
19760311,270,210
19760312,270,210
19760313,270,220
19760314,280,210
19760315,280,200
19760316,270,200
19760317,9999,220
19760318,280,220
19760319,280,210
19760320,270,210
19760321,270,220
19760322,270,220
19760323,270,220
19760324,270,220
19760325,270,220
19760326,280,220
19760327,280,190
19760328,280,190
19760329,280,180
19760330,270,180
19760331,290,180
19760401,290,170
19760402,290,170
19760403,290,180
19760404,290,180
19760405,290,210
19760406,290,220
19760407,280,230
19760408,290,220
19760409,290,220
19760410,290,220
19760411,290,220
19760412,290,220
19760413,290,220
19760414,290,180
19760415,290,200
19760416,290,210
19760417,9999,180
19760418,310,180
19760419,310,210
19760420,280,230
19760421,290,230
19760422,290,220
19760423,290,220
19760424,290,230
19760425,280,230
19760426,290,230
19760427,290,230
19760428,290,240
19760429,290,230
19760430,290,230
19760501,290,9999
19760502,290,230
19760503,290,220
19760504,290,220
19760505,290,240
19760506,290,230
19760507,290,230
19760508,290,240
19760509,290,240
19760510,290,240
19760511,290,240
19760512,290,240
19760514,290,9999
19760515,290,230
19760516,280,230
19760517,9999,230
19760519,290,250
19760520,290,240
19760521,290,240
19760522,300,240
19760523,300,240
19760524,300,240
19760525,300,240
19760526,300,230
19760527,300,230
19760528,300,230
19760529,300,240
19760530,290,220
19760531,300,220
19760601,300,250
19760602,300,250
19760603,9999,240
19760604,300,240
19760605,300,240
19760606,300,240
19760607,300,250
19760608,300,250
19760609,310,250
19760610,310,250
19760611,300,250
19760612,300,240
19760613,9999,220
19760614,300,220
19760615,300,230
19760616,300,240
19760617,300,250
19760618,300,250
19760619,300,230
19760620,300,220
19760621,310,230
19760622,290,230
19760623,300,230
19760624,300,250
19760625,300,250
19760626,300,250
19760627,300,250
19760628,300,250
19760629,300,250
19760630,300,250
19760701,300,250
19760702,300,240
19760703,300,240
19760704,300,240
19760705,290,240
19760706,290,240
19760707,300,250
19760708,300,250
19760709,300,240
19760710,300,250
19760712,300,250
19760713,300,240
19760714,300,240
19760715,300,260
19760716,300,250
19760717,300,250
19760718,300,250
19760719,300,250
19760720,300,250
19760721,300,240
19760722,300,230
19760723,300,230
19760724,300,230
19760725,300,230
19760726,300,240
19760727,300,240
19760728,300,9999
19760729,300,230
19760730,300,230
19760731,300,250
19760801,310,9999
19760802,310,230
19760803,310,240
19760804,310,240
19760805,310,250
19760806,310,240
19760807,310,240
19760808,310,250
19760809,310,250
19760810,290,9999
19760811,9999,260
19760812,310,230
19760813,290,220
19760814,300,220
19760815,310,250
19760816,310,9999
19760817,9999,240
19760818,310,230
19760819,300,230
19760820,300,240
19760826,310,230
19760827,310,220
19760828,310,220
19760903,310,230
19760904,310,230
19760905,310,230
19760906,300,240
19760907,300,240
19760909,310,230
19760912,300,260
19760913,310,240
19760914,310,230
19760915,310,9999
19760917,320,210
19760918,300,220
19760919,300,240
19760920,310,230
19760921,310,220
19760922,310,9999
19760929,9999,230
19761003,310,230
19761004,310,230
19761005,310,240
19761006,310,230
19761007,310,240
19761008,290,240
19761009,300,230
19761011,320,240
19761012,320,220
19761013,320,230
19761014,320,200
19761015,320,200
19761016,330,200
19761017,320,230
19761018,320,230
19761019,320,230
19761020,310,220
19761022,290,230
19761024,320,220
19761025,320,210
19761026,320,220
19761027,300,230
19761028,300,230
19761029,300,230
19761031,320,220
19761102,330,220
19761105,310,220
19761106,310,230
19761107,300,250
19761108,310,220
19761109,310,220
19761110,310,220
19761111,310,240
19761112,310,240
19761114,300,220
19761115,300,220
19761116,300,240
19761117,300,9999
19761118,300,230
19761119,300,220
19761120,300,220
19761121,300,240
19761122,300,240
19761126,290,250
19761127,290,240
19761128,290,240
19761129,290,240
19761130,300,220
19761202,290,220
19761203,290,230
19761204,9999,230
19761205,270,220
19761206,290,220
19761207,290,9999
19761208,9999,220
19761209,290,220
19761210,290,230
19761211,290,220
19761212,280,230
19761213,290,230
19761214,290,230
19761215,290,220
19761216,280,220
19761217,280,220
19761218,280,220
19761219,290,210
19761220,280,190
19761221,280,190
19761222,280,210
19770103,290,180
19770104,290,180
19770105,280,200
19770107,290,200
19770108,290,190
19770109,290,190
19770110,280,190
19770111,9999,9999
19770112,290,210
19770113,290,200
19770114,290,200
19770115,280,210
19770116,280,210
19770117,280,9999
19770118,300,190
19770119,300,190
19770121,290,200
19770122,290,220
19770123,290,210
19770124,290,190
19770125,290,190
19770127,280,210
19770128,280,210
19770129,280,210
19770130,290,210
19770131,300,210
19770201,290,210
19770202,280,220
19770203,280,220
19770204,280,230
19770205,280,220
19770206,290,210
19770207,290,210
19770208,280,210
19770209,280,210
19770210,9999,200
19770211,290,210
19770212,290,190
19770213,280,190
19770214,280,190
19770215,280,190
19770216,280,230
19770217,280,200
19770218,280,190
19770224,290,9999
19770225,290,210
19770226,290,230
19770227,290,210
19770228,290,210
19770301,290,220
19770302,290,220
19770303,290,220
19770304,290,220
19770305,280,220
19770306,280,220
19770307,280,220
19770308,280,9999
19770309,290,210
19770310,280,220
19770311,280,230
19770312,280,220
19770313,290,190
19770314,300,190
19770315,310,190
19770316,310,200
19770317,300,200
19770318,300,230
19770319,290,210
19770320,290,180
19770321,290,180
19770322,290,230
19770323,290,220
19770324,290,210
19770325,290,180
19770326,310,180
19770327,310,190
19770328,310,190
19770329,290,220
19770330,290,220
19770331,290,210
19770401,290,210
19770402,300,210
19770403,290,210
19770404,290,230
19770405,290,220
19770406,290,220
19770407,290,230
19770408,290,9999
19770409,290,230
19770410,290,220
19770411,290,220
19770412,290,230
19770413,290,220
19770414,290,220
19770415,320,220
19770416,320,210
19770417,310,210
19770418,300,230
19770419,300,240
19770420,300,240
19770421,300,230
19770422,300,220
19770423,290,210
19770424,280,210
19770425,280,220
19770426,290,220
19770427,290,210
19770428,300,210
19770429,300,200
19770430,290,200
19770501,290,210
19770502,290,210
19770503,9999,220
19770504,300,220
19770505,300,220
19770506,300,210
19770507,300,200
19770508,300,200
19770509,300,210
19770510,300,210
19770511,310,230
19770512,300,240
19770513,300,230
19770514,300,230
19770515,300,220
19770516,300,220
19770517,300,240
19770518,300,250
19770519,300,240
19770520,300,230
19770521,290,220
19770522,290,220
19770523,300,240
19770524,300,240
19770525,290,230
19770526,300,230
19770527,300,220
19770528,310,220
19770529,310,240
19770530,300,250
19770531,300,250
19770601,300,220
19770602,300,220
19770603,300,240
19770604,310,240
19770605,310,220
19770606,310,220
19770607,320,240
19770608,310,240
19770609,310,250
19770610,310,250
19770611,300,230
19770612,300,230
19770613,310,230
19770614,310,250
19770615,310,230
19770616,9999,230
19770617,310,250
19770618,300,250
19770619,300,250
19770620,300,250
19770621,310,250
19770622,310,250
19770623,310,250
19770624,310,240
19770626,300,250
19770627,310,250
19770628,300,250
19770629,300,230
19770630,300,230
19770701,300,230
19770702,300,240
19770703,310,250
19770705,300,9999
19770706,300,220
19770707,300,220
19770709,300,250
19770710,300,9999
19770711,310,230
19770713,300,220
19770714,300,220
19770715,9999,250
19770716,300,250
19770717,300,240
19770718,9999,240
19770719,310,9999
19770722,310,250
19770725,310,9999
19770726,310,210
19770730,310,250
19770731,310,230
19770801,310,230
19770802,310,230
19770803,310,240
19770804,310,240
19770805,9999,240
19770806,310,240
19770807,9999,230
19770808,310,230
19770809,320,240
19770810,310,220
19770811,310,220
19770812,310,230
19770813,300,230
19770814,300,250
19770815,320,240
19770816,310,240
19770817,310,230
19770818,310,230
19770819,310,260
19770820,310,9999
19770821,310,240
19770822,300,230
19770823,290,230
19770824,9999,230
19770825,310,240
19770826,310,230
19770827,300,9999
19770828,310,240
19770829,310,240
19770830,310,230
19770831,300,230
19770901,300,240
19770902,310,230
19770903,310,230
19770904,310,230
19770905,310,240
19770906,310,220
19770907,310,220
19770908,310,230
19770909,9999,230
19770910,310,230
19770911,310,220
19770912,310,230
19770913,310,240
19770914,310,230
19770915,310,230
19770916,300,240
19770917,9999,220
19770918,310,220
19770919,310,230
19770920,310,230
19770921,310,230
19770922,300,230
19770923,300,240
19770924,310,240
19770925,310,240
19770926,310,240
19770927,310,240
19770928,310,240
19770929,310,240
19770930,310,240
19771001,310,230
19771002,310,230
19771005,270,210
19771007,300,250
19771008,300,240
19771009,310,240
19771010,310,230
19771012,320,210
19771013,320,210
19771014,310,250
19771015,300,240
19771016,300,220
19771017,300,220
19771018,300,220
19771019,9999,210
19771020,310,210
19771021,310,220
19771022,320,230
19771023,310,230
19771024,320,230
19771025,320,240
19771026,310,240
19771027,300,240
19771028,300,230
19771030,310,230
19771031,310,230
19771101,300,230
19771102,300,230
19771103,310,220
19771104,300,220
19771105,320,220
19771108,310,220
19771109,300,230
19771110,300,230
19771111,300,210
19771112,300,210
19771113,310,210
19771115,310,220
19771116,310,230
19771117,300,220
19771118,300,220
19771119,300,210
19771120,310,210
19771121,320,210
19771122,320,210
19771123,310,210
19771124,300,230
19771126,310,220
19771127,300,220
19771128,300,240
19771129,300,230
19771203,290,220
19771204,290,220
19771205,290,220
19771207,300,230
19771208,300,230
19771209,300,230
19771213,290,210
19771214,290,200
19771215,290,200
19771216,290,220
19771217,290,220
19771221,290,190
19771222,290,190
19771224,280,230
19771225,290,240
19771226,300,210
19771227,290,200
19771228,280,200
19771229,280,180
19771231,290,9999
19780102,290,200
19780103,290,190
19780108,290,210
19780109,290,210
19780110,290,220
19780114,290,200
19780115,290,190
19780116,280,190
19780117,280,180
19780118,280,180
19780119,280,190
19780120,280,190
19780121,280,180
19780122,290,180
19780123,290,180
19780124,290,200
19780125,290,200
19780126,290,210
19780127,290,220
19780128,280,220
19780129,280,220
19780130,9999,200
19780131,300,200
19780201,300,230
19780202,290,230
19780203,290,230
19780204,290,230
19780205,290,220
19780206,290,220
19780207,290,190
19780208,290,190
19780209,290,210
19780210,300,180
19780211,300,180
19780212,300,180
19780213,290,170
19780214,290,150
19780215,290,150
19780216,290,180
19780217,9999,200
19780218,290,220
19780219,300,9999
19780220,300,190
19780221,300,190
19780222,290,190
19780223,290,190
19780224,300,180
19780225,300,180
19780226,290,210
19780227,300,220
19780228,300,220
19780301,290,210
19780302,290,210
19780303,300,210
19780304,300,220
19780305,290,200
19780306,290,200
19780307,290,190
19780308,290,9999
19780309,290,220
19780310,290,210
19780311,290,210
19780312,280,210
19780313,290,210
19780314,290,210
19780315,290,210
19780316,290,200
19780317,300,190
19780318,290,190
19780319,290,200
19780320,290,200
19780321,290,220
19780322,290,220
19780323,300,220
19780324,300,220
19780325,300,220
19780326,300,230
19780327,300,220
19780328,290,220
19780329,290,220
19780330,290,220
19780331,290,220
19780401,300,210
19780402,300,210
19780403,300,200
19780404,300,200
19780405,300,180
19780406,300,180
19780407,300,190
19780408,310,200
19780409,310,210
19780410,300,220
19780411,300,220
19780412,300,210
19780413,300,210
19780414,300,230
19780415,300,220
19780416,300,220
19780417,300,200
19780418,300,200
19780419,300,210
19780420,300,220
19780421,300,220
19780422,300,220
19780423,300,230
19780424,300,230
19780425,300,220
19780426,310,220
19780427,310,230
19780428,310,230
19780429,310,210
19780430,310,210
19780501,310,220
19780502,310,220
19780503,310,220
19780504,310,220
19780505,310,220
19780506,310,220
19780507,310,220
19780508,310,200
19780509,310,200
19780510,310,220
19780511,310,230
19780512,310,240
19780513,310,230
19780514,310,220
19780515,310,220
19780516,310,230
19780517,310,240
19780518,310,240
19780519,310,240
19780520,310,240
19780521,300,240
19780522,310,240
19780523,310,230
19780524,310,230
19780525,310,230
19780526,310,230
19780527,300,240
19780528,300,250
19780529,300,240
19780530,310,240
19780531,310,240
19780601,300,250
19780602,310,250
19780603,310,240
19780604,300,260
19780606,310,230
19780607,310,230
19780608,310,230
19780609,310,250
19780610,300,250
19780611,310,230
19780612,310,230
19780613,300,210
19780614,300,230
19780615,300,220
19780616,300,220
19780617,310,230
19780618,310,250
19780619,300,230
19780620,300,250
19780621,310,250
19780622,310,250
19780623,310,240
19780624,300,240
19780625,300,240
19780626,300,240
19780627,9999,230
19780628,310,230
19780629,310,230
19780630,310,240
19780701,310,220
19780702,310,220
19780703,310,230
19780704,310,250
19780705,310,240
19780706,300,230
19780707,300,220
19780708,310,220
19780709,300,240
19780710,300,230
19780711,310,230
19780712,310,240
19780713,310,230
19780714,310,230
19780715,310,240
19780716,300,240
19780717,300,260
19780718,300,230
19780719,300,230
19780720,300,230
19780721,300,240
19780722,300,240
19780723,300,240
19780724,300,240
19780725,310,250
19780726,310,190
19780727,300,240
19780728,310,240
19780729,310,240
19780730,310,250
19780731,300,250
19780801,310,230
19780802,310,230
19780803,290,220
19780804,300,9999
19780805,300,230
19780806,300,240
19780807,300,220
19780808,300,220
19780809,300,240
19780810,310,240
19780811,310,230
19780812,300,230
19780813,300,230
19780814,310,230
19780815,300,230
19780816,310,230
19780817,310,230
19780818,300,230
19780819,300,230
19780820,300,220
19780822,300,240
19780823,310,260
19780824,310,240
19780825,310,240
19780826,310,240
19780827,310,240
19780828,310,240
19780829,310,240
19780830,310,240
19780831,310,230
19780901,310,230
19780902,310,230
19780903,310,220
19780904,310,220
19780905,320,230
19780906,320,210
19780907,320,210
19780908,320,210
19780909,330,220
19780910,320,220
19780911,320,220
19780912,320,240
19780913,320,9999
19780914,310,210
19780915,310,220
19780916,330,230
19780917,330,220
19780918,310,220
19780919,310,230
19780920,320,230
19780921,320,210
19780922,300,210
19780923,310,230
19780924,310,230
19780925,300,230
19780926,310,220
19780927,310,220
19780928,310,220
19780929,320,230
19780930,310,230
19781001,310,230
19781002,310,220
19781003,320,220
19781004,320,220
19781005,320,230
19781006,310,230
19781007,320,220
19781008,320,210
19781009,310,210
19781010,310,220
19781011,310,240
19781012,310,240
19781013,310,230
19781014,310,220
19781015,310,220
19781016,310,230
19781017,310,220
19781018,310,220
19781019,310,230
19781020,310,230
19781021,310,230
19781023,300,230
19781024,300,200
19781025,310,200
19781026,310,210
19781027,9999,210
19781028,310,210
19781029,300,220
19781030,300,210
19781031,300,220
19781101,310,220
19781102,9999,240
19781103,300,250
19781104,300,220
19781105,300,220
19781106,300,250
19781107,300,230
19781108,300,230
19781109,300,210
19781110,310,210
19781111,310,230
19781112,300,220
19781113,300,200
19781114,310,200
19781115,300,220
19781116,300,220
19781117,300,230
19781118,300,220
19781119,290,220
19781120,9999,220
19781121,300,220
19781122,300,220
19781123,300,200
19781124,300,200
19781125,310,200
19781126,310,210
19781127,300,230
19781128,300,230
19781129,300,240
19781130,9999,230
19781201,300,230
19781202,290,240
19781203,290,230
19781204,290,230
19781205,290,240
19781206,290,230
19781207,290,230
19781208,290,240
19781209,290,230
19781210,290,230
19781211,290,250
19781212,290,230
19781213,290,230
19781214,290,230
19781215,300,230
19781216,300,240
19781217,300,9999
19781218,300,200
19781219,300,200
19781220,290,210
19781221,290,210
19781222,290,210
19781223,290,210
19781224,290,230
19781225,290,230
19781226,290,220
19781227,290,220
19781228,290,210
19781229,290,210
19781230,290,9999
19781231,300,180
19790101,9999,190
19790102,300,200
19790103,290,200
19790104,280,180
19790105,290,180
19790106,290,180
19790107,290,180
19790108,290,180
19790109,290,180
19790110,300,180
19790111,300,160
19790112,290,160
19790113,290,170
19790114,290,190
19790115,290,220
19790116,290,230
19790117,290,220
19790118,290,200
19790119,280,180
19790120,290,190
19790121,290,200
19790122,290,200
19790123,290,190
19790124,290,190
19790125,290,210
19790126,290,180
19790127,290,170
19790128,300,170
19790129,300,180
19790130,300,160
19790131,300,170
19790201,300,180
19790202,300,180
19790203,300,180
19790204,300,190
19790205,300,210
19790206,300,210
19790207,300,220
19790208,290,220
19790209,290,230
19790210,290,200
19790211,290,200
19790212,290,210
19790213,290,230
19790214,9999,200
19790215,310,200
19790216,310,200
19790217,290,200
19790218,300,210
19790219,300,210
19790220,300,230
19790221,300,230
19790222,300,230
19790223,290,220
19790224,290,220
19790225,280,230
19790226,280,230
19790227,290,180
19790228,290,180
19790301,290,160
19790302,290,170
19790303,290,180
19790304,290,210
19790305,300,210
19790306,300,190
19790307,300,200
19790308,300,200
19790309,300,210
19790310,290,220
19790311,290,210
19790312,9999,210
19790313,290,240
19790314,290,220
19790315,290,220
19790316,290,220
19790317,290,210
19790318,290,210
19790319,290,9999
19790320,290,9999
19790321,290,190
19790322,300,190
19790323,320,200
19790324,9999,210
19790325,300,210
19790326,300,210
19790327,300,210
19790328,300,210
19790329,300,210
19790330,300,220
19790331,300,9999
19790401,290,220
19790402,290,200
19790403,290,200
19790404,290,220
19790405,290,240
19790406,290,220
19790407,290,190
19790408,290,190
19790409,290,190
19790410,300,220
19790411,300,220
19790412,300,210
19790413,300,210
19790414,300,220
19790415,300,220
19790416,300,230
19790417,300,250
19790418,300,250
19790419,310,240
19790420,310,230
19790421,310,230
19790422,310,230
19790423,300,230
19790424,300,9999
19790425,300,230
19790426,300,230
19790427,300,230
19790428,300,240
19790429,300,230
19790430,310,250
19790501,310,250
19790502,310,260
19790503,310,240
19790504,310,220
19790505,310,210
19790506,310,230
19790507,310,230
19790508,300,230
19790509,310,230
19790510,310,230
19790511,300,230
19790512,310,230
19790513,310,240
19790514,310,240
19790515,310,230
19790516,320,230
19790517,320,230
19790518,320,230
19790519,320,240
19790520,310,240
19790521,310,240
19790522,310,9999
19790523,310,220
19790524,310,230
19790525,310,230
19790526,310,230
19790527,310,230
19790528,310,230
19790529,310,240
19790530,310,230
19790531,320,240
19790601,300,260
19790602,310,240
19790603,310,240
19790604,310,240
19790605,310,240
19790606,310,230
19790607,310,230
19790608,310,230
19790609,310,260
19790610,9999,250
19790611,320,250
19790612,320,230
19790613,310,240
19790614,310,240
19790615,310,250
19790616,310,250
19790617,310,220
19790618,310,220
19790619,310,260
19790620,310,250
19790621,310,250
19790622,300,250
19790625,300,240
19790626,310,240
19790627,310,240
19790628,9999,240
19790629,320,240
19790630,310,240
19790701,300,260
19790702,300,270
19790703,300,9999
19790704,290,230
19790705,310,230
19790706,310,240
19790707,9999,250
19790708,310,250
19790709,310,250
19790710,310,250
19790711,310,250
19790712,310,230
19790713,310,230
19790714,310,250
19790715,310,240
19790716,310,240
19790717,300,220
19790718,300,220
19790719,300,230
19790720,300,230
19790721,310,230
19790722,310,250
19790723,310,230
19790724,300,230
19790725,310,250
19790726,310,9999
19790727,310,240
19790728,310,250
19790729,310,250
19790730,310,9999
19790731,310,250
19790801,310,230
19790802,310,240
19790803,310,240
19790804,310,250
19790805,310,240
19790806,310,240
19790807,310,240
19790808,310,250
19790809,310,250
19790810,310,240
19790811,310,240
19790812,310,250
19790813,310,260
19790814,310,260
19790815,310,240
19790816,310,230
19790817,310,230
19790818,310,240
19790819,310,240
19790820,310,240
19790821,310,240
19790822,310,230
19790823,310,230
19790824,310,240
19790825,310,250
19790826,310,240
19790827,310,240
19790828,310,240
19790829,310,240
19790831,310,250
19790901,310,240
19790902,310,240
19790903,300,250
19790904,300,250
19790905,300,250
19790906,300,9999
19790907,270,9999
19790908,310,240
19790909,310,240
19790910,310,260
19790911,310,9999
19790912,310,240
19790913,300,240
19790914,300,240
19790915,310,240
19790916,310,240
19790917,310,230
19790918,310,230
19790919,310,230
19790920,310,220
19790921,310,230
19790922,310,220
19790923,310,220
19790924,310,240
19790925,320,230
19790926,320,240
19790927,320,210
19790928,320,210
19790929,330,210
19790930,320,230
19791001,310,230
19791002,9999,230
19791003,320,240
19791004,320,220
19791005,310,220
19791006,9999,240
19791007,320,240
19791008,320,220
19791009,310,210
19791010,310,210
19791011,310,240
19791012,310,9999
19791013,310,230
19791014,310,230
19791015,320,230
19791022,310,230
19791023,320,230
19791024,320,230
19791025,320,230
19791026,310,230
19791027,310,240
19791028,310,230
19791029,320,230
19791030,310,9999
19791031,310,220
19791101,320,210
19791102,320,210
19791103,320,220
19791104,330,220
19791105,330,220
19791106,320,220
19791107,320,220
19791108,320,230
19791109,320,230
19791110,310,240
19791111,310,240
19791112,310,210
19791113,310,210
19791114,300,210
19791115,310,230
19791116,310,220
19791117,9999,220
19791118,310,230
19791119,310,230
19791120,310,230
19791121,310,220
19791122,310,220
19791123,310,220
19791124,310,220
19791125,310,230
19791126,310,230
19791127,300,240
19791128,300,250
19791129,300,240
19791130,300,250
19791201,300,230
19791202,300,240
19791203,300,220
19791204,300,230
19810101,300,210
19810102,300,230
19810103,290,240
19810104,290,230
19810105,290,200
19810106,290,200
19810107,290,210
19810108,290,210
19810109,290,210
19810110,290,200
19810111,300,190
19810112,300,190
19810113,300,200
19810114,300,240
19810115,290,230
19810116,300,220
19810117,300,200
19810118,300,200
19810119,300,200
19810120,300,190
19810121,290,220
19810122,280,220
19810123,280,210
19810125,290,200
19810126,290,210
19810127,300,200
19810128,300,190
19810129,300,200
19810130,290,200
19810131,290,230
19810201,300,220
19810202,300,220
19810203,290,240
19810204,290,220
19810205,300,210
19810206,300,210
19810207,290,210
19810208,290,200
19810209,9999,200
19810210,290,230
19810211,290,210
19810212,290,210
19810213,9999,200
19810214,280,200
19810215,280,220
19810216,290,230
19810217,290,220
19810218,290,210
19810219,290,230
19810220,290,230
19810221,290,220
19810222,9999,220
19810223,310,220
19810224,310,220
19810225,290,230
19810226,9999,230
19810227,300,230
19810228,300,240
19810301,300,240
19810302,300,220
19810303,300,220
19810304,310,200
19810305,310,190
19810306,310,190
19810307,310,200
19810308,310,180
19810309,310,180
19810310,310,190
19810311,9999,220
19810312,300,220
19810313,300,200
19810314,300,200
19810315,300,9999
19810316,300,190
19810317,300,190
19810318,300,200
19810319,300,200
19810320,310,210
19810321,9999,9999
19810322,310,200
19810323,300,200
19810324,300,210
19810325,310,220
19810326,310,220
19810328,300,220
19810329,300,220
19810401,300,240
19810402,300,240
19810403,9999,9999
19810404,300,230
19810405,290,230
19810406,290,220
19810407,300,200
19810408,300,180
19810409,9999,180
19810410,310,210
19810413,300,230
19810414,9999,9999
19810415,300,240
19810416,300,240
19810420,9999,230
19810421,300,240
19810422,300,240
19810423,270,9999
19810424,260,240
19810427,300,250
19810428,300,250
19810429,300,9999
19810501,290,240
19810502,290,230
19810503,300,230
19810504,320,220
19810505,320,220
19810506,320,230
19810507,310,230
19810508,310,230
19810509,300,240
19810510,300,230
19810511,300,230
19810512,300,230
19810513,300,240
19810514,300,250
19810515,300,250
19810516,300,240
19810517,9999,240
19810518,310,260
19810519,310,250
19810520,310,230
19810521,300,230
19810522,300,260
19810523,310,250
19810524,310,250
19810525,300,240
19810526,300,230
19810530,300,240
19810601,300,220
19810602,300,220
19810603,310,9999
19810604,310,240
19810605,300,240
19810606,300,240
19810607,310,270
19810608,300,260
19810609,310,260
19810610,310,250
19810611,300,250
19810612,310,250
19810613,300,250
19810614,300,240
19810615,310,240
19810616,310,250
19810617,9999,230
19810619,300,250
19810622,310,9999
19810623,310,240
19810625,300,250
19810626,310,250
19810627,310,230
19810628,310,230
19810629,310,230
19810630,300,230
19810701,300,260
19810702,9999,250
19810703,300,250
19810704,310,9999
19810705,250,230
19810706,300,230
19810707,300,250
19810708,300,250
19810709,310,240
19810710,310,240
19810711,310,250
19810712,310,230
19810713,310,230
19810714,310,240
19810715,310,240
19810716,310,230
19810717,310,230
19810718,300,250
19810719,290,250
19810721,310,240
19810722,310,230
19810723,300,230
19810724,310,230
19810726,310,240
19810727,310,240
19810728,310,260
19810729,310,9999
19810730,310,240
19810731,310,240
19810801,310,240
19810802,310,260
19810803,310,240
19810804,310,240
19810805,9999,240
19810806,310,270
19810807,310,230
19810808,310,230
19810809,320,230
19810810,320,230
19810811,310,9999
19810812,310,9999
19810813,310,230
19810814,310,230
19810815,310,220
19810816,320,220
19810817,310,250
19810818,310,240
19810819,310,230
19810820,300,220
19810821,300,230
19810822,310,230
19810823,310,230
19810824,310,240
19810825,310,240
19810826,310,250
19810827,310,250
19810828,310,240
19810829,9999,240
19810830,310,250
19810831,320,240
19810901,320,240
19810902,320,230
19810903,300,230
19810904,310,9999
19810905,320,220
19810906,320,230
19810907,320,230
19810908,310,210
19810909,310,210
19810910,310,250
19810911,310,230
19810912,310,220
19810913,320,220
19810914,320,210
19810915,310,230
19810916,310,250
19810917,310,230
19810918,310,230
19810919,320,230
19810920,320,230
19810921,320,230
19810922,310,250
19810923,310,230
19810924,310,230
19810925,320,240
19810926,320,210
19810927,330,210
19810928,330,220
19810929,330,230
19810930,320,220
19811001,320,220
19811002,310,230
19811004,310,230
19811005,320,230
19811006,310,240
19811007,310,220
19811008,310,220
19811009,310,230
19811010,310,250
19811011,310,250
19811012,310,250
19811013,320,230
19811014,320,230
19811015,320,240
19811016,320,240
19811017,320,230
19811018,300,230
19811019,310,220
19811020,310,200
19811021,310,200
19811022,300,200
19811023,9999,210
19811024,320,210
19811025,320,210
19811026,320,220
19811027,310,220
19811028,310,220
19811029,300,230
19811030,310,220
19811031,320,220
19811101,320,210
19811102,320,210
19811103,320,220
19811104,320,220
19811105,310,220
19811106,320,250
19811107,320,9999
19811108,320,230
19811109,310,220
19811110,310,220
19811111,300,210
19811112,300,210
19811113,300,210
19811114,9999,210
19811116,310,230
19811117,310,230
19811118,310,230
19811119,300,9999
19811120,300,250
19811121,310,250
19811122,300,240
19811123,290,220
19811124,310,220
19811125,310,230
19811126,300,220
19811127,310,220
19811128,300,220
19811129,300,250
19811130,300,230
19811201,300,230
19811202,300,230
19811203,300,240
19811204,310,190
19811205,270,190
19811206,300,210
19811207,300,210
19811208,300,220
19811209,300,240
19811210,310,220
19811211,310,220
19811212,300,210
19811213,300,210
19811214,310,210
19811215,310,230
19811216,300,240
19811217,290,240
19811218,290,240
19811219,300,210
19811220,300,210
19811221,300,210
19811222,290,220
19811223,290,230
19811224,300,220
19811225,290,210
19811226,300,210
19811227,300,220
19811228,290,200
19811229,280,220
19811230,300,230
19811231,300,210
19830101,280,226
19830102,280,226
19830103,283,9999
19830104,288,230
19830105,288,228
19830106,288,229
19830107,290,229
19830108,290,235
19830109,286,234
19830110,282,224
19830111,9999,9999
19830112,283,214
19830113,282,204
19830114,284,9999
19830115,284,202
19830116,284,210
19830117,290,9999
19830118,285,9999
19830119,9999,209
19830120,288,195
19830121,289,195
19830122,293,220
19830123,293,234
19830124,293,234
19830126,280,9999
19830127,9999,9999
19830128,290,229
19830129,283,216
19830130,283,216
19830131,292,205
19830201,295,205
19830202,280,197
19830203,280,9999
19830204,9999,204
19830205,288,209
19830206,290,9999
19830207,290,163
19830208,9999,202
19830209,293,165
19830210,286,165
19830211,9999,173
19830212,289,230
19830213,289,218
19830214,284,214
19830215,284,212
19830216,284,218
19830217,9999,215
19830218,302,213
19830219,9999,193
19830220,9999,193
19830221,306,204
19830222,291,9999
19830223,290,224
19830224,9999,230
19830225,304,230
19830226,304,238
19830227,305,238
19830228,305,226
19830301,299,226
19830302,9999,226
19830303,300,229
19830304,299,244
19830305,291,232
19830306,9999,220
19830307,299,200
19830308,285,200
19830309,9999,215
19830310,290,9999
19830311,9999,223
19830312,9999,239
19830315,302,243
19830316,302,9999
19830317,300,239
19830319,305,210
19830320,302,240
19830321,302,229
19830322,302,229
19830323,305,215
19830324,303,215
19830325,300,230
19830326,300,230
19830327,298,225
19830328,296,225
19830329,296,230
19830330,291,210
19830331,291,210
19830401,294,189
19830402,308,189
19830403,302,194
19830404,299,194
19830405,300,9999
19830406,299,232
19830407,9999,220
19830408,299,220
19830409,298,240
19830410,296,234
19830411,300,219
19830412,9999,200
19830413,300,9999
19830415,314,223
19830416,9999,223
19830417,327,245
19830418,324,9999
19830419,324,248
19830420,312,248
19830421,312,9999
19830422,9999,9999
19830423,9999,237
19830424,9999,9999
19830425,309,9999
19830427,9999,230
19830428,311,230
19830429,310,230
19830430,313,240
19830501,313,240
19830502,310,247
19830503,310,247
19830504,9999,9999
19830505,9999,248
19830506,318,199
19830509,314,244
19830510,313,251
19830511,294,242
19830512,9999,245
19830513,319,257
19830514,315,257
19830515,304,250
19830516,297,239
19830517,292,239
19830518,303,253
19830519,304,9999
19830520,304,9999
19830521,302,228
19830522,309,225
19830523,9999,229
19830525,9999,240
19830527,313,226
19830528,314,9999
19830529,315,258
19830530,315,240
19830531,312,240
19830601,313,251
19830602,315,259
19830603,315,259
19830604,313,249
19830605,313,249
19830606,311,255
19830607,9999,240
19830608,308,240
19830609,9999,242
19830610,303,242
19830611,310,9999
19830612,310,236
19830613,304,235
19830614,305,244
19830615,9999,249
19830616,9999,245
19830617,311,226
19830618,311,226
19830619,311,241
19830620,315,9999
19830621,314,248
19830622,314,248
19830623,314,248
19830624,314,9999
19830625,314,242
19830626,322,240
19830627,322,240
19830628,315,251
19830629,314,268
19830630,314,268
19830701,9999,257
19830702,318,259
19830703,9999,9999
19830704,316,240
19830705,311,240
19830706,309,250
19830707,303,225
19830708,303,261
19830709,303,250
19830710,303,9999
19830711,307,230
19830712,310,230
19830713,310,252
19830714,312,259
19830715,312,9999
19830716,310,251
19830717,308,234
19830718,312,234
19830719,312,9999
19830720,305,256
19830721,305,265
19830722,309,9999
19830723,303,9999
19830724,303,242
19830725,303,244
19830726,305,244
19830727,310,9999
19830728,306,242
19830729,306,244
19830730,304,9999
19830731,306,232
19830801,9999,240
19830802,315,225
19830803,313,248
19830804,309,257
19830805,309,9999
19830806,9999,239
19830807,309,9999
19830808,307,228
19830809,309,228
19830810,310,234
19830811,315,226
19830812,317,9999
19830813,317,244
19830814,312,238
19830815,312,233
19830816,322,227
19830817,322,227
19830818,312,238
19830819,312,9999
19830820,304,245
19830821,9999,236
19830822,311,236
19830823,311,245
19830824,311,235
19830825,304,244
19830826,304,9999
19830827,309,235
19830828,310,245
19830829,310,9999
19830830,317,236
19830831,317,250
19830901,312,245
19830902,294,230
19830903,304,229
19830904,304,9999
19830905,9999,242
19830906,321,234
19830907,322,227
19830908,311,227
19830909,312,261
19830910,312,260
19830911,313,239
19830912,312,239
19830913,310,255
19830914,311,257
19830915,314,249
19830916,314,243
19830917,312,243
19830918,319,256
19830919,319,238
19830920,310,219
19830921,310,237
19830922,309,241
19830923,306,238
19830924,306,238
19830925,302,230
19830926,305,235
19830927,306,244
19830928,312,244
19830929,312,9999
19830930,304,235
19831001,305,250
19831002,307,247
19831003,312,212
19831004,312,212
19831005,308,9999
19831006,311,212
19831007,312,229
19831008,312,238
19831009,305,238
19831010,310,9999
19831011,310,234
19831012,306,234
19831013,305,239
19831015,310,211
19831016,310,211
19831017,309,228
19831018,310,9999
19831019,310,215
19831020,309,226
19831021,309,232
19831022,320,228
19831023,320,228
19831024,322,236
19831025,310,232
19831026,310,231
19831027,308,240
19831028,390,205
19831029,310,9999
19831030,309,215
19831031,325,208
19831101,325,207
19831102,9999,207
19831103,325,216
19831104,322,220
19831105,315,9999
19831106,315,243
19831107,314,224
19831108,313,224
19831109,308,232
19831110,309,224
19831111,309,224
19831112,9999,224
19831113,308,226
19831114,308,218
19831115,305,218
19831116,304,228
19831117,311,210
19831118,311,210
19831120,306,214
19831121,306,215
19831122,304,223
19831123,309,220
19831124,9999,220
19831125,304,214
19831126,310,214
19831127,310,210
19831128,310,210
19831129,293,228
19831130,300,225
19831201,300,225
19831202,295,248
19831203,300,228
19831204,300,228
19831205,292,227
19831206,297,243
19831207,297,236
19831208,297,231
19831209,297,9999
19831210,302,200
19831211,302,200
19831212,299,198
19831213,312,193
19831214,312,193
19831215,300,196
19831216,300,233
19831217,300,210
19831218,301,9999
19831219,301,196
19831220,304,196
19831221,304,225
19831222,302,225
19831223,299,231
19831224,299,231
19831225,290,222
19831226,297,222
19831227,297,234
19831228,292,226
19831229,290,212
19831230,291,212
19831231,291,219
19840101,9999,168
19840102,300,165
19840103,301,165
19840104,284,170
19840105,286,9999
19840106,9999,184
19840107,301,196
19840109,294,224
19840110,286,221
19840111,9999,192
19840112,291,192
19840113,291,208
19840114,290,226
19840115,284,231
19840116,285,230
19840117,286,230
19840118,288,230
19840119,288,230
19840120,288,9999
19840121,282,222
19840122,284,226
19840123,290,230
19840124,290,208
19840125,288,208
19840126,285,222
19840127,285,224
19840128,285,224
19840129,285,214
19840130,292,9999
19840131,292,9999
19840201,295,193
19840202,295,205
19840203,9999,205
19840204,291,224
19840205,291,232
19840206,290,216
19840207,292,216
19840208,292,215
19840209,289,214
19840210,289,188
19840211,289,188
19840212,283,220
19840213,280,220
19840214,280,218
19840215,285,9999
19840216,285,214
19840217,275,214
19840218,9999,220
19840219,278,190
19840220,282,190
19840221,282,204
19840222,288,210
19840223,298,214
19840224,285,236
19840225,285,220
19840226,296,207
19840227,9999,207
19840228,295,225
19840229,292,223
19840301,292,9999
19840302,295,211
19840303,294,9999
19840304,9999,211
19840305,289,205
19840306,289,205
19840307,288,9999
19840308,284,220
19840309,284,220
19840310,283,218
19840311,286,201
19840312,288,201
19840313,288,223
19840314,282,226
19840315,288,220
19840316,288,185
19840317,290,185
19840318,292,191
19840319,295,191
19840320,295,210
19840321,292,214
19840322,292,225
19840323,288,9999
19840324,290,220
19840325,293,218
19840326,296,218
19840327,296,224
19840328,9999,218
19840329,298,218
19840330,9999,226
19840331,299,213
19840401,9999,9999
19840402,299,204
19840403,9999,187
19840404,293,187
19840405,293,202
19840406,294,220
19840407,292,220
19840408,293,215
19840409,293,215
19840410,290,222
19840411,304,215
19840412,317,200
19840413,317,200
19840414,305,200
19840415,304,224
19840416,300,220
19840417,300,220
19840418,301,236
19840419,299,220
19840420,9999,220
19840421,302,233
19840422,302,216
19840423,302,216
19840424,298,234
19840425,293,238
19840426,9999,238
19840427,9999,195
19840428,298,194
19840429,301,194
19840430,301,202
19840501,9999,211
19840502,302,222
19840503,300,237
19840504,300,229
19840505,295,229
19840506,295,235
19840507,9999,240
19840508,296,229
19840509,295,229
19840510,9999,232
19840511,301,238
19840512,9999,226
19840513,298,214
19840514,303,196
19840515,303,196
19840516,302,210
19840517,301,240
19840518,305,240
19840519,304,239
19840520,304,239
19840521,304,241
19840522,301,241
19840523,301,9999
19840524,309,229
19840525,309,229
19840526,302,242
19840527,302,9999
19840528,302,242
19840529,300,9999
19840530,302,231
19840531,302,234
19840601,309,245
19840602,309,246
19840603,310,9999
19840604,310,247
19840605,311,235
19840606,312,235
19840607,312,225
19840608,310,225
19840609,310,9999
19840610,310,232
19840611,310,236
19840612,305,223
19840613,304,229
19840614,304,229
19840615,304,241
19840616,300,238
19840617,304,238
19840618,312,241
19840619,312,220
19840620,309,220
19840621,309,250
19840622,9999,250
19840623,313,9999
19840624,313,249
19840625,9999,9999
19840626,300,239
19840627,9999,239
19840628,307,237
19840629,307,237
19840630,304,250
19840701,278,238
19840702,301,238
19840703,301,9999
19840704,9999,236
19840705,304,232
19840706,300,232
19840707,300,254
19840708,303,250
19840709,313,9999
19840710,313,9999
19840711,304,9999
19840712,9999,241
19840713,301,239
19840714,305,239
19840715,305,239
19840716,302,245
19840717,305,259
19840718,9999,254
19840719,307,254
19840720,303,235
19840721,297,234
19840722,297,224
19840723,304,224
19840724,304,240
19840725,294,9999
19840726,294,9999
19840727,300,232
19840728,300,244
19840729,300,230
19840730,299,230
19840731,300,245
19840801,307,237
19840802,307,237
19840803,297,9999
19840804,302,232
19840805,302,248
19840806,308,252
19840807,308,250
19840808,308,249
19840809,306,249
19840810,302,251
19840811,305,248
19840812,303,248
19840813,302,249
19840814,314,237
19840815,316,9999
19840816,316,232
19840817,307,9999
19840818,310,9999
19840819,310,240
19840820,309,240
19840821,9999,251
19840822,311,234
19840823,311,234
19840824,306,240
19840825,303,240
19840826,303,245
19840827,307,246
19840828,307,256
19840829,309,241
19840830,9999,241
19840831,308,230
19840901,318,216
19840902,318,210
19840903,322,210
19840904,322,225
19840905,308,234
19840906,310,245
19840907,300,258
19840909,299,240
19840910,305,214
19840911,305,214
19840912,310,9999
19840913,313,222
19840914,302,235
19840915,302,225
19840916,253,9999
19840917,312,220
19840918,310,238
19840919,312,243
19840920,310,240
19840921,310,216
19840922,311,216
19840923,311,9999
19840924,314,230
19840925,314,224
19840926,314,224
19840927,310,227
19840928,310,229
19840929,311,229
19840930,311,252
19841001,310,240
19841002,305,222
19841003,9999,222
19841004,308,226
19841005,314,225
19841006,318,217
19841007,320,217
19841008,320,218
19841009,315,229
19841010,315,224
19841011,311,224
19841012,311,232
19841013,309,9999
19841014,310,250
19841015,310,231
19841016,9999,225
19841017,310,225
19841018,310,227
19841019,318,227
19841020,318,246
19841021,318,239
19841022,314,9999
19841023,314,229
19841024,316,230
19841028,306,249
19841029,303,253
19841030,305,220
19841031,305,220
19841101,305,220
19841102,305,9999
19841103,9999,231
19841104,9999,9999
19841105,278,9999
19841106,9999,9999
19841108,9999,228
19841109,310,246
19841110,9999,207
19841111,311,9999
19841112,310,203
19841113,305,212
19841114,305,226
19841116,9999,9999
19841117,304,231
19841118,304,232
19841119,299,232
19841120,299,248
19841121,299,235
19841122,295,9999
19841123,301,230
19841124,301,230
19841125,306,235
19841126,306,9999
19841127,313,9999
19841128,313,9999
19841129,9999,221
19841130,309,225
19841201,299,235
19841202,298,240
19841203,299,240
19841204,299,237
19841205,292,237
19841206,291,230
19841207,298,232
19841208,300,215
19841209,300,215
19841210,306,217
19841211,286,238
19841212,295,228
19841213,9999,215
19841214,298,204
19841215,298,182
19841216,283,9999
19841217,300,168
19841218,300,179
19841219,293,187
19841220,293,187
19841221,292,200
19841222,293,200
19841223,293,195
19841224,292,190
19841225,292,190
19841226,9999,228
19841227,291,228
19841228,9999,232
19841229,288,242
19841230,288,225
19841231,286,230
19860101,285,214
19860102,285,214
19860103,9999,225
19860104,286,235
19860105,288,238
19860106,288,219
19860107,286,219
19860108,283,221
19860111,9999,9999
19860112,291,9999
19860113,291,212
19860114,289,230
19860115,284,9999
19860116,284,217
19860117,282,217
19860118,281,223
19860120,286,219
19860121,286,221
19860122,9999,219
19860123,289,202
19860124,289,202
19860125,280,208
19860126,288,192
19860127,288,194
19860129,294,210
19860130,292,210
19860131,288,215
19860201,283,203
19860202,283,203
19860203,9999,180
19860204,288,175
19860205,288,170
19860206,283,166
19860207,283,166
19860208,278,202
19860209,283,224
19860210,286,229
19860211,9999,229
19860212,289,220
19860213,293,220
19860214,293,209
19860215,289,205
19860216,286,205
19860217,287,205
19860218,288,217
19860219,288,9999
19860220,9999,193
19860221,290,182
19860222,298,182
19860223,299,9999
19860224,299,171
19860225,294,171
19860226,298,175
19860227,298,182
19860228,292,204
19860301,292,207
19860304,292,190
19860305,283,229
19860306,282,220
19860307,292,220
19860308,292,9999
19860309,290,207
19860310,290,207
19860311,290,208
19860312,292,9999
19860313,292,197
19860314,294,228
19860316,290,239
19860317,293,219
19860318,9999,219
19860319,299,9999
19860320,9999,208
19860321,297,172
19860322,293,172
19860323,293,176
19860325,290,200
19860326,289,232
19860327,284,232
19860328,288,218
19860329,9999,218
19860330,290,218
19860331,295,218
19860401,295,225
19860402,9999,200
19860403,308,9999
19860404,303,221
19860405,302,208
19860406,301,200
19860407,308,200
19860408,304,210
19860409,302,206
19860410,302,206
19860411,304,238
19860412,9999,242
19860413,305,235
19860414,303,222
19860415,315,204
19860416,315,204
19860417,308,207
19860419,303,222
19860420,308,219
19860421,310,219
19860422,310,9999
19860423,302,232
19860424,299,227
19860425,299,224
19860426,290,224
19860427,303,226
19860428,303,241
19860429,303,241
19860430,305,234
19860501,9999,234
19860502,316,9999
19860503,310,238
19860504,308,230
19860505,305,230
19860506,303,9999
19860507,303,215
19860508,319,215
19860509,319,218
19860510,278,213
19860511,9999,211
19860512,301,230
19860513,310,230
19860514,310,240
19860515,310,240
19860516,310,239
19860517,9999,230
19860520,303,229
19860521,304,231
19860522,302,9999
19860523,305,252
19860524,308,250
19860525,308,9999
19860526,302,219
19860527,305,240
19860528,305,240
19860529,294,239
19860530,307,239
19860531,307,247
19860601,303,252
19860603,309,9999
19860604,309,239
19860605,304,225
19860606,305,232
19860607,303,232
19860608,300,234
19860609,9999,234
19860610,303,235
19860611,303,237
19860612,309,237
19860613,306,241
19860614,301,240
19860615,301,242
19860616,301,251
19860617,299,250
19860619,304,250
19860620,306,250
19860621,306,259
19860622,305,253
19860623,301,251
19860624,301,9999
19860625,302,251
19860626,308,251
19860627,9999,256
19860628,307,256
19860629,307,258
19860630,304,258
19860701,302,9999
19860702,308,248
19860703,308,248
19860704,303,250
19860705,305,238
19860706,302,238
19860707,302,242
19860708,305,240
19860709,303,240
19860710,307,245
19860711,9999,245
19860712,308,245
19860713,305,251
19860714,305,243
19860715,307,232
19860716,307,232
19860717,9999,9999
19860718,307,253
19860721,306,247
19860722,9999,259
19860723,315,225
19860724,9999,9999
19860725,316,215
19860726,314,215
19860727,311,258
19860728,311,230
19860729,311,230
19860730,307,249
19860731,311,246
19860801,311,9999
19860802,302,243
19860803,303,243
19860804,303,247
19860805,304,247
19860806,304,248
19860807,303,9999
19860808,304,245
19860818,308,251
19860819,308,244
19860820,303,260
19860821,9999,259
19860822,313,245
19860823,311,9999
19860824,314,231
19860825,314,231
19860826,311,9999
19860827,310,9999
19860828,304,237
19860829,310,241
19860830,310,238
19860831,309,230
19860901,312,230
19860902,312,225
19860903,310,225
19860904,308,9999
19860905,311,9999
19860906,311,228
19860907,311,242
19860908,310,238
19860909,302,224
19860910,9999,224
19860911,9999,9999
19860912,320,217
19860913,320,217
19860914,306,240
19860915,307,250
19860916,307,257
19860917,311,251
19860918,314,249
19860919,310,250
19860920,310,239
19860921,310,236
19860922,300,9999
19860923,308,225
19860924,308,225
19860925,9999,239
19860926,310,9999
19860927,310,219
19860928,310,222
19860929,302,9999
19860930,303,246
19861001,303,9999
19861002,307,241
19861003,9999,9999
19861004,314,232
19861005,321,218
19861006,321,218
19861007,316,250
19861008,316,237
19861009,312,236
19861010,312,248
19861011,312,257
19861012,311,257
19861013,308,249
19861014,311,246
19861015,312,238
19861016,312,238
19861017,308,9999
19861018,308,241
19861019,320,238
19861020,320,226
19861021,320,227
19861022,313,227
19861023,317,228
19861024,319,230
19861025,319,225
19861026,311,225
19861027,298,9999
19861028,318,233
19861029,318,236
19861030,311,240
19861031,310,244
19861101,310,236
19861102,311,228
19861103,311,215
19861104,9999,207
19861105,318,207
19861106,301,219
19861107,302,219
19861108,295,234
19861109,301,247
19861110,301,228
19861111,9999,217
19861112,302,220
19861113,302,239
19861114,9999,245
19861115,301,230
19861116,9999,230
19861117,9999,9999
19861118,309,231
19861119,305,240
19861120,305,240
19861121,9999,9999
19861122,297,222
19861123,297,229
19861124,299,9999
19861125,9999,219
19861126,300,219
19861127,300,220
19861128,9999,207
19861129,303,205
19861130,295,205
19861201,296,220
19861202,296,220
19861203,298,236
19861204,293,243
19861205,290,240
19861206,292,239
19861207,292,239
19861208,296,227
19861209,296,227
19861210,9999,225
19861211,289,232
19861212,291,240
19861213,291,234
19861214,289,230
19861215,9999,229
19861216,288,229
19861217,292,214
19861218,292,214
19861219,289,225
19861220,9999,212
19861221,289,212
19861222,295,218
19861223,295,218
19861224,292,205
19861225,293,218
19861226,293,219
19861227,289,219
19861228,289,219
19861229,290,197
19861230,292,194
19861231,285,178
19950101,290,225
19950102,291,225
19950103,291,228
19950104,290,223
19950105,290,221
19950106,291,220
19950107,291,220
19950108,293,210
19950109,286,195
19950110,290,195
19950111,290,191
19950112,285,191
19950113,291,202
19950114,293,202
19950115,293,208
19950116,292,195
19950117,302,190
19950118,302,190
19950119,306,197
19950120,306,199
19950121,300,216
19950122,294,215
19950123,294,215
19950124,295,217
19950125,295,196
19950126,295,195
19950127,9999,195
19950128,297,221
19950129,295,9999
19950130,296,220
19950131,302,222
19950201,302,190
19950202,295,190
19950203,295,9999
19950204,291,203
19950205,294,180
19950206,294,180
19950207,294,198
19950208,294,9999
19950209,305,203
19950210,305,209
19950211,293,209
19950212,292,227
19950213,292,230
19950214,291,9999
19950215,290,219
19950216,290,9999
19950217,288,209
19950218,288,222
19950219,283,9999
19950220,285,217
19950221,294,208
19950222,294,188
19950223,290,188
19950224,287,217
19950225,9999,227
19950226,289,206
19950227,287,206
19950228,290,187
19950301,293,187
19950302,298,227
19950303,301,227
19950304,301,224
19950305,292,224
19950306,290,9999
19950307,9999,9999
19950321,307,215
19950322,309,215
19950323,297,229
19950324,297,224
19950325,310,218
19950326,310,9999
19950327,299,9999
19950328,299,212
19950329,9999,9999
19950330,303,222
19950331,303,232
19950401,9999,230
19950402,300,230
19950403,304,209
19950404,304,209
19950405,298,222
19950406,297,230
19950407,307,231
19950408,307,233
19950409,303,224
19950410,303,9999
19950411,305,9999
19950412,305,9999
19950413,295,211
19950414,299,9999
19950415,306,202
19950416,307,202
19950417,307,186
19950418,281,9999
19950419,9999,9999
19950420,298,206
19950421,298,206
19950422,287,208
19950423,297,221
19950424,297,245
19950425,9999,250
19950426,302,9999
19950427,300,237
19950428,304,220
19950429,9999,220
19950430,313,220
19950501,311,203
19950502,315,203
19950503,315,221
19950504,315,248
19950505,315,229
19950506,308,213
19950507,303,213
19950508,312,215
19950509,315,214
19950510,315,210
19950511,313,210
19950512,313,215
19950513,310,215
19950514,311,221
19950515,315,217
19950516,322,217
19950517,322,190
19950518,314,224
19950519,309,224
19950520,316,233
19950521,316,233
19950522,315,251
19950523,311,257
19950524,317,257
19950525,317,249
19950526,313,244
19950527,313,223
19950528,315,223
19950529,315,238
19950530,315,238
19950531,320,254
19950601,320,238
19950602,312,238
19950604,311,252
19950606,308,238
19950607,306,238
19950608,306,244
19950609,311,244
19950610,313,238
19950611,313,9999
19950612,316,254
19950613,316,256
19950614,313,252
19950615,307,245
19950616,307,251
19950617,307,261
19950618,304,252
19950619,304,9999
19950620,307,9999
19950621,309,242
19950622,9999,266
19950623,310,270
19950624,314,258
19950625,315,230
19950626,9999,230
19950627,9999,9999
19950628,9999,216
19950629,9999,216
19950630,320,254
19950701,320,254
19950702,318,259
19950703,316,259
19950704,316,236
19950705,311,236
19950706,315,230
19950707,315,230
19950708,315,265
19950709,315,266
19950710,9999,252
19950711,317,234
19950712,320,9999
19950713,320,226
19950714,318,226
19950715,320,245
19950716,320,248
19950717,319,9999
19950718,319,251
19950719,320,9999
19950720,320,237
19950721,311,233
19950722,312,9999
19950723,312,244
19950724,310,255
19950725,310,255
19950726,314,241
19950727,317,243
19950728,320,228
19950729,320,228
19950730,317,232
19950731,315,239
19950801,9999,9999
19950802,319,235
19950803,313,239
19950804,310,239
19950805,314,9999
19950806,325,229
19950807,325,248
19950808,313,248
19950809,318,255
19950810,9999,260
19950811,326,9999
19950812,331,9999
19950813,332,239
19950814,331,239
19950815,323,9999
19950816,314,238
19950817,300,217
19950818,313,217
19950819,9999,240
19950820,9999,9999
19950821,318,249
19950822,313,249
19950823,313,247
19950824,313,236
19950825,310,236
19950826,294,236
19950827,271,9999
19950828,323,237
19950829,325,237
19950830,327,224
19950831,327,224
19950901,326,230
19950902,330,230
19950903,330,230
19950904,324,225
19950905,316,225
19950906,324,252
19950907,324,240
19950908,316,238
19950909,316,238
19950910,314,244
19950911,314,245
19950912,313,245
19950913,313,248
19950914,311,240
19950915,319,237
19950916,326,235
19950917,326,235
19950918,320,237
19950919,320,235
19950920,314,235
19950921,314,9999
19950922,310,218
19950923,310,218
19950924,306,239
19950925,308,236
19950926,310,226
19950927,310,9999
19950928,312,223
19950929,314,248
19950930,314,247
19951001,313,240
19951002,310,235
19951003,9999,228
19951004,9999,228
19951005,309,231
19951006,311,246
19951007,312,246
19951008,312,9999
19951009,307,225
19951010,9999,231
19951011,310,234
19951012,317,244
19951013,317,237
19951014,314,230
19951015,317,225
19951016,317,225
19951017,312,229
19951018,312,229
19951019,312,229
19951020,9999,226
19951021,324,224
19951022,324,9999
19951023,320,215
19951024,322,215
19951025,322,224
19951026,315,224
19951027,328,9999
19951028,328,223
19951029,316,218
19951030,314,218
19951031,301,9999
19951101,300,228
19951102,302,228
19951103,305,233
19951104,305,9999
19951105,9999,225
19951106,319,219
19951107,9999,219
19951108,314,220
19951109,301,240
19951110,312,238
19951111,302,238
19951112,9999,9999
19951113,9999,218
19951114,320,216
19951115,320,216
19951116,310,226
19951117,306,215
19951118,298,215
19951119,299,229
19951120,306,225
19951121,306,225
19951122,9999,245
19951123,310,245
19951124,308,248
19951125,302,9999
19951126,306,227
19951127,306,9999
19951128,299,221
19951129,299,236
19951130,299,236
19951201,303,220
19951202,303,220
19951203,296,231
19951204,290,218
19951205,288,218
19951206,296,215
19951207,297,215
19951208,303,217
19951209,305,217
19951210,305,229
19951211,298,232
19951212,298,224
19951213,298,224
19951214,298,224
19951215,9999,9999
19951216,302,9999
19951217,312,208
19951218,315,208
19951219,315,220
19951220,311,217
19951221,321,207
19951222,321,207
19951223,304,215
19951224,303,227
19951225,302,216
19951226,300,216
19951227,305,210
19951228,305,210
19951229,297,224
19951230,289,227
19951231,295,231
19960101,295,231
19960102,9999,196
19960103,301,196
19960104,301,9999
19960105,299,230
19960106,298,226
19960107,300,226
19960108,300,232
19960109,299,222
19960110,300,216
19960111,296,216
19960112,296,230
19960113,302,234
19960114,302,206
19960115,301,205
19960116,293,205
19960117,293,221
19960118,293,214
19960119,9999,214
19960120,289,228
19960121,289,233
19960122,284,230
19960123,281,9999
19960124,9999,164
19960125,293,164
19960126,295,163
19960127,290,163
19960128,290,173
19960129,290,188
19960130,286,214
19960131,285,213
19960201,281,213
19960202,278,9999
19960203,284,210
19960204,286,210
19960205,285,9999
19960206,292,219
19960207,292,219
19960208,295,225
19960209,295,233
19960210,295,236
19960211,291,227
19960212,287,9999
19960213,9999,227
19960214,300,233
19960215,300,9999
19960216,291,9999
19960217,308,196
19960218,308,182
19960219,297,182
19960220,292,9999
19960221,9999,218
19960222,9999,9999
19960223,295,211
19960224,295,221
19960225,293,228
19960226,292,217
19960227,292,198
19960228,287,198
19960229,9999,9999
19960301,289,201
19960302,281,225
19960303,282,226
19960304,284,217
19960305,287,217
19960306,290,217
19960307,293,238
19960308,298,9999
19960309,301,224
19960310,290,228
19960311,285,228
19960312,291,220
19960313,291,220
19960314,297,226
19960315,297,214
19960316,290,210
19960317,295,210
19960318,295,207
19960319,293,207
19960320,296,223
19960321,296,225
19960322,296,208
19960323,296,208
19960324,9999,224
19960325,296,225
19960326,9999,236
19960327,297,236
19960328,301,9999
19960329,301,218
19960330,306,201
19960331,306,196
19960401,300,9999
19960402,296,203
19960403,300,238
19960404,300,235
19960405,9999,235
19960406,302,213
19960407,304,213
19960408,298,236
19960409,295,234
19960410,301,234
19960411,301,229
19960412,9999,188
19960413,299,188
19960414,9999,191
19960415,298,214
19960416,301,224
19960417,301,223
19960418,300,223
19960419,300,196
19960420,300,196
19960421,309,198
19960422,309,9999
19960423,285,212
19960424,293,236
19960425,295,226
19960426,296,226
19960427,296,240
19960428,292,224
19960429,292,224
19960430,292,232
19960501,292,238
19960502,294,241
19960503,295,234
19960504,295,234
19960505,294,238
19960506,296,238
19960507,290,236
19960508,9999,236
19960509,299,256
19960510,9999,251
19960511,298,242
19960512,297,9999
19960513,298,231
19960514,300,247
19960515,300,248
19960516,300,246
19960517,297,234
19960518,301,228
19960519,304,228
19960520,304,232
19960521,301,9999
19960522,303,233
19960523,305,236
19960524,306,255
19960525,306,256
19960526,9999,240
19960527,309,228
19960528,306,224
19960529,311,224
19960530,311,230
19960531,313,230
19960601,313,230
19960602,306,9999
19960603,306,234
19960604,306,234
19960605,299,238
19960606,301,240
19960607,301,245
19960608,302,259
19960609,302,9999
19960610,303,9999
19960611,303,224
19960612,302,224
19960613,302,248
19960614,298,235
19960615,299,235
19960616,303,240
19960617,303,243
19960618,302,242
19960619,304,9999
19960620,304,9999
19960621,311,239
19960622,311,239
19960623,304,239
19960624,304,260
19960625,302,249
19960626,300,238
19960627,302,238
19960628,302,253
19960629,307,260
19960630,312,9999
19960701,312,228
19960702,306,228
19960703,9999,9999
19960704,313,254
19960705,9999,9999
19960706,303,227
19960707,9999,9999
19960708,312,240
19960709,9999,9999
19960710,308,232
19960711,9999,9999
19960712,303,229
19960713,306,229
19960714,306,239
19960715,9999,9999
19960716,306,256
19960717,306,239
19960718,304,239
19960719,306,244
19960720,307,256
19960721,307,259
19960722,310,265
19960723,310,252
19960724,9999,9999
19960725,282,238
19960726,9999,9999
19960727,299,234
19960728,300,234
19960729,9999,9999
19960730,308,248
19960731,313,239
19960801,313,239
19960802,311,237
19960803,311,237
19960804,307,246
19960805,306,239
19960806,306,239
19960807,302,230
19960808,305,230
19960809,9999,9999
19960810,9999,9999
19960811,9999,9999
19960812,308,230
19960813,308,236
19960814,305,236
19960815,300,224
19960816,305,224
19960817,9999,9999
19960818,308,223
19960819,316,215
19960820,316,215
19960821,315,225
19960822,315,250
19960823,308,249
19960824,311,254
19960825,311,258
19960826,313,226
19960827,313,226
19960828,322,225
19960829,322,225
19960830,325,230
19960831,325,230
19960901,332,232
19960902,332,234
19960903,323,229
19960904,9999,9999
19960905,304,228
19960906,314,256
19960907,314,234
19960908,296,231
19960909,9999,9999
19960910,305,241
19960911,325,238
19960912,325,238
19960913,316,240
19960914,310,220
19960915,315,220
19960916,315,225
19960917,314,242
19960918,313,247
19960919,311,245
19960920,316,240
19960924,308,254
19960925,311,240
19960926,311,240
19960927,311,240
19960928,9999,9999
19960929,9999,9999
19960930,312,231
19961001,302,237
19961002,283,234
19961003,303,226
19961004,9999,9999
19961006,311,232
19961007,311,232
19961008,309,239
19961009,305,234
19961010,305,239
19961011,305,242
19961012,9999,9999
19961013,300,225
19961014,304,226
19961015,310,236
19961016,310,234
19961017,310,234
19961018,306,228
19961019,320,228
19961020,320,229
19961021,313,229
19961022,305,234
19961023,9999,9999
19961024,314,233
19961025,314,233
19961026,9999,9999
19961027,9999,9999
19961028,310,223
19961029,320,223
19961030,320,233
19961031,311,234
19961101,304,229
19961102,9999,9999
19961103,304,231
19961104,304,235
19961105,9999,9999
19961106,299,223
19961107,301,230
19961108,9999,9999
19961109,9999,9999
19961110,303,222
19961111,304,228
19961112,304,233
19961113,301,239
19961114,9999,9999
19961115,298,232
19961116,9999,9999
19961118,301,250
19961119,9999,9999
19961120,309,234
19961121,9999,9999
19961122,9999,9999
19961123,306,219
19961124,307,222
19961125,307,222
19961126,295,235
19961127,9999,9999
19961128,9999,9999
19961129,298,219
19961130,298,219
19961201,293,220
19961202,291,221
19961203,9999,9999
19961204,287,190
19961205,291,199
19961206,9999,9999
19961207,296,222
19961208,296,232
19961209,295,237
19961210,9999,9999
19961211,296,220
19961212,294,194
19961213,291,194
19961214,295,206
19961215,306,206
19961216,306,214
19961217,292,224
19961218,292,222
19961219,287,227
19961220,285,190
19961221,285,172
19961222,285,172
19961223,9999,9999
19961224,291,226
19961225,296,216
19961226,296,216
19961227,9999,9999
19961228,294,230
19961229,294,206
19961230,295,206
19961231,295,209
19970101,9999,9999
19970102,289,204
19970103,291,219
19970104,9999,9999
19970105,288,221
19970106,9999,9999
19970107,287,236
19970108,9999,9999
19970109,288,218
19970110,287,218
19970111,9999,9999
19970112,290,234
19970113,9999,9999
19970114,291,238
19970115,292,226
19970116,289,217
19970117,290,206
19970118,290,206
19970119,9999,9999
19970120,287,209
19970121,284,209
19970122,284,228
19970123,284,219
19970124,9999,9999
19970125,287,204
19970126,285,224
19970127,282,217
19970128,282,217
19970129,9999,9999
19970130,282,229
19970131,287,229
19970201,287,213
19970202,285,229
19970203,283,236
19970204,286,238
19970205,9999,9999
19970206,288,223
19970207,288,223
19970208,9999,9999
19970209,293,228
19970210,292,225
19970211,292,229
19970212,9999,9999
19970213,291,221
19970214,284,228
19970215,284,216
19970216,284,216
19970217,288,223
19970218,288,222
19970219,281,214
19970220,282,208
19970221,287,216
19970222,287,225
19970223,282,225
19970224,274,214
19970225,282,214
19970226,9999,9999
19970227,9999,9999
19970228,289,226
19970301,284,219
19970302,281,212
19970303,283,212
19970304,287,235
19970305,287,210
19970306,287,224
19970307,290,216
19970308,290,230
19970309,285,234
19970310,282,219
19970311,290,219
19970312,290,221
19970313,290,226
19970314,290,234
19970315,288,216
19970316,280,214
19970317,290,214
19970318,290,231
19970319,282,231
19970320,289,227
19970321,292,216
19970322,292,205
19970323,299,205
19970324,299,199
19970325,294,199
19970326,289,214
19970327,287,225
19970328,288,216
19970329,295,213
19970330,9999,9999
19970331,301,213
19970401,303,215
19970402,307,190
19970403,307,190
19970404,300,193
19970405,300,193
19970406,299,213
19970407,9999,9999
19970408,291,168
19970409,293,171
19970410,293,176
19970411,293,176
19970412,293,233
19970413,294,233
19970414,297,233
19970415,9999,9999
19970416,299,220
19970417,299,220
19970418,9999,9999
19970419,314,224
19970420,314,219
19970421,308,217
19970422,9999,9999
19970424,306,225
19970425,306,229
19970426,302,238
19970427,302,240
19970428,295,233
19970429,302,232
19970430,306,232
19970501,306,240
19970502,306,216
19970503,304,216
19970504,300,240
19970505,305,235
19970506,306,215
19970507,306,215
19970508,314,227
19970509,314,227
19970510,309,238
19970511,309,228
19970512,307,228
19970513,307,234
19970514,304,234
19970515,9999,9999
19970516,307,220
19970517,307,220
19970518,301,241
19970519,301,237
19970520,300,234
19970521,301,236
19970522,9999,9999
19970523,316,229
19970524,312,244
19970525,314,243
19970526,9999,9999
19970527,312,225
19970528,308,229
19970529,305,239
19970530,300,245
19970531,304,244
19970601,310,244
19970602,9999,9999
19970603,9999,9999
19970604,9999,9999
19970605,313,237
19970606,313,257
19970607,305,260
19970608,305,252
19970609,305,249
19970610,306,250
19970611,306,253
19970612,314,253
19970613,314,246
19970614,304,246
19970615,307,263
19970616,309,240
19970617,309,240
19970618,308,241
19970619,310,251
19970620,310,257
19970621,9999,9999
19970622,309,238
19970623,304,236
19970624,9999,9999
19970625,304,248
19970626,304,248
19970627,305,254
19970628,9999,9999
19970629,311,251
19970630,311,256
19970701,9999,9999
19970702,309,242
19970703,308,242
19970704,307,247
19970705,9999,9999
19970706,303,234
19970707,304,236
19970708,9999,9999
19970709,304,230
19970710,304,257
19970711,302,260
19970712,309,255
19970713,311,248
19970714,9999,9999
19970715,307,247
19970716,307,247
19970717,303,247
19970718,304,244
19970719,309,244
19970720,309,239
19970721,307,235
19970722,307,252
19970723,9999,9999
19970724,308,252
19970725,310,244
19970726,9999,9999
19970727,308,241
19970728,301,242
19970729,308,242
19970730,308,257
19970731,310,245
19970801,310,245
19970802,310,234
19970803,304,234
19970804,310,234
19970805,300,234
19970806,9999,9999
19970807,9999,9999
19970808,9999,9999
19970809,319,239
19970810,311,238
19970811,311,238
19970812,312,249
19970813,313,239
19970814,313,239
19970815,9999,9999
19970816,309,238
19970817,307,245
19970818,307,238
19970819,9999,9999
19970820,309,228
19970821,321,228
19970822,321,243
19970823,310,251
19970824,310,242
19970825,298,242
19970826,307,245
19970827,310,238
19970828,312,237
19970829,312,223
19970830,310,223
19970831,311,230
19970901,315,230
19970902,316,235
19970903,314,244
19970904,316,244
19970905,322,237
19970906,322,229
19970907,324,229
19970908,338,239
19970909,9999,9999
19970910,329,225
19970911,323,225
19970912,317,250
19970913,313,250
19970914,314,246
19970915,314,245
19970916,317,237
19970917,317,237
19970918,316,248
19970919,313,249
19970920,302,247
19970921,297,235
19970922,309,255
19970923,310,239
19970924,310,239
19970925,313,227
19970926,316,227
19970927,9999,9999
19970928,321,235
19970929,321,235
19970930,9999,9999
19971001,309,229
19971002,9999,9999
19971003,332,233
19971004,9999,9999
19971005,322,231
19971006,319,238
19971007,323,240
19971008,327,235
19971009,327,232
19971010,318,232
19971011,317,236
19971012,9999,9999
19971013,9999,9999
19971014,326,241
19971015,330,244
19971016,9999,9999
19971017,334,230
19971018,334,230
19971019,323,227
19971020,323,227
19971021,312,247
19971022,313,247
19971023,313,247
19971024,9999,9999
19971025,316,250
19971026,310,248
19971027,9999,9999
19971028,313,268
19971029,9999,9999
19971030,318,245
19971031,9999,9999
19971101,311,247
19971102,311,247
19971103,311,236
19971104,306,225
19971105,306,225
19971106,306,225
19971107,9999,9999
19971108,329,225
19971109,329,225
19971110,328,230
19971111,318,249
19971112,312,249
19971113,310,230
19971114,309,238
19971115,9999,9999
19971116,304,234
19971117,305,242
19971118,307,239
19971119,307,239
19971120,307,255
19971121,309,242
19971122,309,242
19971123,304,246
19971124,303,250
19971127,308,238
19971128,308,229
19971129,9999,9999
19971130,311,244
19971201,311,237
19971202,9999,9999
19971203,307,237
19971204,303,233
19971205,300,233
19971206,305,228
19971207,311,228
19971208,9999,9999
19971209,307,211
19971210,301,215
19971211,296,225
19971212,300,224
19971213,300,224
19971214,9999,9999
19971215,313,213
19971216,311,213
19971217,306,226
19971218,302,217
19971219,302,217
19971220,306,221
19971221,306,209
19971222,303,209
19971223,300,218
19971224,9999,9999
19971225,302,252
19971226,296,236
19971227,295,236
19971228,295,246
19971229,9999,9999
19971230,9999,9999
19971231,301,227
